Job Posting Date,Openings
2021-09-15,2287
2021-09-16,2100
2021-09-17,2100
2021-09-18,2100
2021-09-19,2566
2021-09-20,2100
2021-09-21,2100
2021-09-22,2368
2021-09-23,2100
2021-09-24,2397
2021-09-25,2100
2021-09-26,2142
2021-09-27,2507
2021-09-28,2100
2021-09-29,2347
2021-09-30,2432
2021-10-01,2100
2021-10-02,2100
2021-10-03,2100
2021-10-04,2100
2021-10-05,2257
2021-10-06,2382
2021-10-07,2441
2021-10-08,2862
2021-10-09,2100
2021-10-10,2830
2021-10-11,2218
2021-10-12,2739
2021-10-13,2800
2021-10-14,2361
2021-10-15,2100
2021-10-16,2766
2021-10-17,2354
2021-10-18,2219
2021-10-19,2212
2021-10-20,2410
2021-10-21,2382
2021-10-22,2392
2021-10-23,2100
2021-10-24,2938
2021-10-25,2367
2021-10-26,2504
2021-10-27,2356
2021-10-28,2636
2021-10-29,3170
2021-10-30,2235
2021-10-31,2590
2021-11-01,2576
2021-11-02,2590
2021-11-03,2386
2021-11-04,2100
2021-11-05,2165
2021-11-06,2674
2021-11-07,2805
2021-11-08,3062
2021-11-09,2491
2021-11-10,2756
2021-11-11,2371
2021-11-12,2164
2021-11-13,2100
2021-11-14,2293
2021-11-15,2521
2021-11-16,2909
2021-11-17,2668
2021-11-18,2487
2021-11-19,2721
2021-11-20,2157
2021-11-21,2921
2021-11-22,2948
2021-11-23,2746
2021-11-24,3202
2021-11-25,3167
2021-11-26,2511
2021-11-27,2167
2021-11-28,2734
2021-11-29,2455
2021-11-30,2671
2021-12-01,2926
2021-12-02,2614
2021-12-03,3031
2021-12-04,2350
2021-12-05,2760
2021-12-06,2705
2021-12-07,2803
2021-12-08,2866
2021-12-09,2370
2021-12-10,2551
2021-12-11,2815
2021-12-12,2933
2021-12-13,2637
2021-12-14,2162
2021-12-15,2411
2021-12-16,2686
2021-12-17,2638
2021-12-18,2981
2021-12-19,2658
2021-12-20,2785
2021-12-21,2583
2021-12-22,2778
2021-12-23,2945
2021-12-24,2668
2021-12-25,3083
2021-12-26,3214
2021-12-27,2795
2021-12-28,2654
2021-12-29,3142
2021-12-30,2686
2021-12-31,2656
2022-01-01,2830
2022-01-02,2825
2022-01-03,3187
2022-01-04,2987
2022-01-05,2987
2022-01-06,3114
2022-01-07,3220
2022-01-08,2780
2022-01-09,2634
2022-01-10,3096
2022-01-11,3226
2022-01-12,3033
2022-01-13,2758
2022-01-14,2487
2022-01-15,2431
2022-01-16,2700
2022-01-17,2847
2022-01-18,2954
2022-01-19,3144
2022-01-20,2744
2022-01-21,2690
2022-01-22,2814
2022-01-23,3137
2022-01-24,3234
2022-01-25,3379
2022-01-26,3204
2022-01-27,3538
2022-01-28,3333
2022-01-29,3406
2022-01-30,2813
2022-01-31,3046
2022-02-01,2816
2022-02-02,2427
2022-02-03,2979
2022-02-04,3166
2022-02-05,3164
2022-02-06,3184
2022-02-07,2838
2022-02-08,3598
2022-02-09,3421
2022-02-10,2961
2022-02-11,3081
2022-02-12,3392
2022-02-13,3344
2022-02-14,2685
2022-02-15,3119
2022-02-16,3574
2022-02-17,3175
2022-02-18,3169
2022-02-19,3097
2022-02-20,2769
2022-02-21,3529
2022-02-22,3090
2022-02-23,3317
2022-02-24,3686
2022-02-25,3189
2022-02-26,3233
2022-02-27,3873
2022-02-28,2950
2022-03-01,3159
2022-03-02,3690
2022-03-03,2760
2022-03-04,3052
2022-03-05,3479
2022-03-06,3735
2022-03-07,3195
2022-03-08,4081
2022-03-09,3020
2022-03-10,3894
2022-03-11,3471
2022-03-12,3258
2022-03-13,3048
2022-03-14,3253
2022-03-15,2852
2022-03-16,3169
2022-03-17,3141
2022-03-18,3449
2022-03-19,3755
2022-03-20,3490
2022-03-21,3525
2022-03-22,3786
2022-03-23,3721
2022-03-24,2887
2022-03-25,3178
2022-03-26,3625
2022-03-27,3757
2022-03-28,3332
2022-03-29,3656
2022-03-30,3710
2022-03-31,3769
2022-04-01,3181
2022-04-02,3749
2022-04-03,3098
2022-04-04,3907
2022-04-05,3368
2022-04-06,4075
2022-04-07,3602
2022-04-08,3800
2022-04-09,3818
2022-04-10,3909
2022-04-11,3240
2022-04-12,3183
2022-04-13,3793
2022-04-14,4014
2022-04-15,3986
2022-04-16,3049
2022-04-17,3926
2022-04-18,4054
2022-04-19,3324
2022-04-20,3601
2022-04-21,3452
2022-04-22,3792
2022-04-23,3897
2022-04-24,4068
2022-04-25,3490
2022-04-26,3376
2022-04-27,3280
2022-04-28,3667
2022-04-29,3479
2022-04-30,4032
2022-05-01,3562
2022-05-02,3994
2022-05-03,3690
2022-05-04,4041
2022-05-05,3663
2022-05-06,4075
2022-05-07,3796
2022-05-08,3327
2022-05-09,3504
2022-05-10,3313
2022-05-11,4044
2022-05-12,4031
2022-05-13,3252
2022-05-14,3764
2022-05-15,4209
2022-05-16,3336
2022-05-17,4307
2022-05-18,4025
2022-05-19,3604
2022-05-20,4033
2022-05-21,4080
2022-05-22,3941
2022-05-23,4199
2022-05-24,3579
2022-05-25,3716
2022-05-26,4128
2022-05-27,4329
2022-05-28,3938
2022-05-29,4049
2022-05-30,4366
2022-05-31,3908
2022-06-01,3963
2022-06-02,3901
2022-06-03,4133
2022-06-04,4080
2022-06-05,4308
2022-06-06,4091
2022-06-07,4070
2022-06-08,4006
2022-06-09,4350
2022-06-10,3371
2022-06-11,4280
2022-06-12,4414
2022-06-13,4334
2022-06-14,4056
2022-06-15,3397
2022-06-16,4024
2022-06-17,4055
2022-06-18,4047
2022-06-19,4225
2022-06-20,3562
2022-06-21,4323
2022-06-22,4141
2022-06-23,3925
2022-06-24,4291
2022-06-25,3971
2022-06-26,4071
2022-06-27,4346
2022-06-28,4333
2022-06-29,4328
2022-06-30,3856
2022-07-01,4054
2022-07-02,3829
2022-07-03,4141
2022-07-04,4422
2022-07-05,3909
2022-07-06,4310
2022-07-07,3788
2022-07-08,4945
2022-07-09,4313
2022-07-10,4025
2022-07-11,3944
2022-07-12,3769
2022-07-13,3920
2022-07-14,4168
2022-07-15,5245
2022-07-16,4280
2022-07-17,4151
2022-07-18,4936
2022-07-19,4416
2022-07-20,4314
2022-07-21,4334
2022-07-22,4672
2022-07-23,4172
2022-07-24,4074
2022-07-25,4046
2022-07-26,4926
2022-07-27,4499
2022-07-28,3772
2022-07-29,4588
2022-07-30,4505
2022-07-31,4202
2022-08-01,4201
2022-08-02,4633
2022-08-03,4041
2022-08-04,4129
2022-08-05,4483
2022-08-06,4627
2022-08-07,4493
2022-08-08,4289
2022-08-09,5255
2022-08-10,4447
2022-08-11,4637
2022-08-12,4353
2022-08-13,3983
2022-08-14,4924
2022-08-15,4624
2022-08-16,4553
2022-08-17,4402
2022-08-18,4769
2022-08-19,4284
2022-08-20,4390
2022-08-21,4485
2022-08-22,4784
2022-08-23,4270
2022-08-24,4471
2022-08-25,3831
2022-08-26,4456
2022-08-27,4109
2022-08-28,4784
2022-08-29,4886
2022-08-30,5881
2022-08-31,4458
2022-09-01,5127
2022-09-02,4929
2022-09-03,4627
2022-09-04,4754
2022-09-05,5034
2022-09-06,4515
2022-09-07,5220
2022-09-08,4250
2022-09-09,4598
2022-09-10,4766
2022-09-11,4406
2022-09-12,4499
2022-09-13,4640
2022-09-14,4501
2022-09-15,4678
2022-09-16,4836
2022-09-17,4025
2022-09-18,4269
2022-09-19,4990
2022-09-20,4997
2022-09-21,4642
2022-09-22,5155
2022-09-23,5187
2022-09-24,4874
2022-09-25,4885
2022-09-26,5033
2022-09-27,5255
2022-09-28,4926
2022-09-29,4757
2022-09-30,5085
2022-10-01,5038
2022-10-02,4399
2022-10-03,5368
2022-10-04,5082
2022-10-05,5100
2022-10-06,4872
2022-10-07,5229
2022-10-08,5271
2022-10-09,4537
2022-10-10,4923
2022-10-11,4787
2022-10-12,5086
2022-10-13,4566
2022-10-14,4439
2022-10-15,4666
2022-10-16,4608
2022-10-17,4808
2022-10-18,4859
2022-10-19,4868
2022-10-20,4781
2022-10-21,5006
2022-10-22,4664
2022-10-23,5070
2022-10-24,5064
2022-10-25,5201
2022-10-26,5063
2022-10-27,4201
2022-10-28,5337
2022-10-29,4991
2022-10-30,5864
2022-10-31,4994
2022-11-01,5601
2022-11-02,4972
2022-11-03,4859
2022-11-04,5680
2022-11-05,5114
2022-11-06,5292
2022-11-07,5219
2022-11-08,5311
2022-11-09,4581
2022-11-10,4898
2022-11-11,5185
2022-11-12,5144
2022-11-13,5044
2022-11-14,4841
2022-11-15,4649
2022-11-16,5477
2022-11-17,5142
2022-11-18,5126
2022-11-19,4857
2022-11-20,5204
2022-11-21,4845
2022-11-22,5355
2022-11-23,4795
2022-11-24,5272
2022-11-25,5611
2022-11-26,5335
2022-11-27,4974
2022-11-28,5181
2022-11-29,5460
2022-11-30,5441
2022-12-01,5099
2022-12-02,5515
2022-12-03,4974
2022-12-04,5659
2022-12-05,5999
2022-12-06,5002
2022-12-07,5006
2022-12-08,5693
2022-12-09,5489
2022-12-10,5553
2022-12-11,5531
2022-12-12,4914
2022-12-13,6095
2022-12-14,5284
2022-12-15,5528
2022-12-16,4858
2022-12-17,5235
2022-12-18,5045
2022-12-19,5511
2022-12-20,5572
2022-12-21,5671
2022-12-22,5654
2022-12-23,6160
2022-12-24,5612
2022-12-25,5335
2022-12-26,5252
2022-12-27,5180
2022-12-28,5652
2022-12-29,6243
2022-12-30,5593
2022-12-31,5517
2023-01-01,5186
2023-01-02,5792
2023-01-03,5213
2023-01-04,6146
2023-01-05,5341
2023-01-06,5599
2023-01-07,5297
2023-01-08,6375
2023-01-09,5883
2023-01-10,5809
2023-01-11,5978
2023-01-12,5650
2023-01-13,5519
2023-01-14,5680
2023-01-15,5158
2023-01-16,5824
2023-01-17,5733
2023-01-18,4990
2023-01-19,6036
2023-01-20,5432
2023-01-21,5474
2023-01-22,5848
2023-01-23,5193
2023-01-24,5896
2023-01-25,5565
2023-01-26,5737
2023-01-27,6101
2023-01-28,6190
2023-01-29,5809
2023-01-30,6162
2023-01-31,5673
2023-02-01,5738
2023-02-02,5563
2023-02-03,6104
2023-02-04,5667
2023-02-05,5728
2023-02-06,5848
2023-02-07,6106
2023-02-08,5228
2023-02-09,5438
2023-02-10,6497
2023-02-11,5319
2023-02-12,6130
2023-02-13,5919
2023-02-14,5961
2023-02-15,5781
2023-02-16,6109
2023-02-17,5301
2023-02-18,6069
2023-02-19,5678
2023-02-20,5293
2023-02-21,5994
2023-02-22,6185
2023-02-23,5837
2023-02-24,5726
2023-02-25,6421
2023-02-26,5479
2023-02-27,6433
2023-02-28,5653
2023-03-01,5705
2023-03-02,5743
2023-03-03,6402
2023-03-04,6104
2023-03-05,6361
2023-03-06,5752
2023-03-07,6293
2023-03-08,6633
2023-03-09,6107
2023-03-10,5912
2023-03-11,5180
2023-03-12,5890
2023-03-13,6783
2023-03-14,6582
2023-03-15,6044
2023-03-16,6365
2023-03-17,5705
2023-03-18,6361
2023-03-19,6235
2023-03-20,6409
2023-03-21,6157
2023-03-22,6159
2023-03-23,6308
2023-03-24,6047
2023-03-25,6463
2023-03-26,6428
2023-03-27,6356
2023-03-28,5837
2023-03-29,6487
2023-03-30,6032
2023-03-31,6487
2023-04-01,6610
2023-04-02,6001
2023-04-03,6501
2023-04-04,5581
2023-04-05,5883
2023-04-06,6386
2023-04-07,6530
2023-04-08,6150
2023-04-09,6022
2023-04-10,5908
2023-04-11,6523
2023-04-12,6020
2023-04-13,6434
2023-04-14,6098
2023-04-15,6109
2023-04-16,6731
2023-04-17,6407
2023-04-18,6120
2023-04-19,6426
2023-04-20,6250
2023-04-21,6480
2023-04-22,6353
2023-04-23,6385
2023-04-24,6594
2023-04-25,6186
2023-04-26,6653
2023-04-27,6296
2023-04-28,6362
2023-04-29,6104
2023-04-30,5971
2023-05-01,6534
2023-05-02,5829
2023-05-03,6332
2023-05-04,6135
2023-05-05,6175
2023-05-06,6073
2023-05-07,6361
2023-05-08,6816
2023-05-09,6560
2023-05-10,6398
2023-05-11,6295
2023-05-12,6202
2023-05-13,6993
2023-05-14,6276
2023-05-15,6873
2023-05-16,6232
2023-05-17,6100
2023-05-18,6402
2023-05-19,6423
2023-05-20,6697
2023-05-21,6439
2023-05-22,6861
2023-05-23,6945
2023-05-24,6195
2023-05-25,6596
2023-05-26,6533
2023-05-27,6921
2023-05-28,6791
2023-05-29,6267
2023-05-30,6434
2023-05-31,6516
2023-06-01,6370
2023-06-02,6427
2023-06-03,6862
2023-06-04,6251
2023-06-05,6742
2023-06-06,6478
2023-06-07,6703
2023-06-08,7238
2023-06-09,6518
2023-06-10,7123
2023-06-11,6515
2023-06-12,6920
2023-06-13,6369
2023-06-14,6167
2023-06-15,6974
2023-06-16,6754
2023-06-17,6372
2023-06-18,6373
2023-06-19,6404
2023-06-20,6548
2023-06-21,6409
2023-06-22,6779
2023-06-23,5943
2023-06-24,6804
2023-06-25,6981
2023-06-26,6424
2023-06-27,6831
2023-06-28,6793
2023-06-29,6760
2023-06-30,7249
2023-07-01,6400
2023-07-02,6780
2023-07-03,6971
2023-07-04,7076
2023-07-05,6839
2023-07-06,5852
2023-07-07,7400
2023-07-08,7321
2023-07-09,6918
2023-07-10,6903
2023-07-11,6894
2023-07-12,7029
2023-07-13,7191
2023-07-14,7400
2023-07-15,6834
2023-07-16,6811
2023-07-17,6873
2023-07-18,6802
2023-07-19,6598
2023-07-20,7249
2023-07-21,6759
2023-07-22,6658
2023-07-23,6859
2023-07-24,7400
2023-07-25,6846
2023-07-26,6727
2023-07-27,6896
2023-07-28,6812
2023-07-29,6921
2023-07-30,6571
2023-07-31,6920
2023-08-01,7400
2023-08-02,6684
2023-08-03,7400
2023-08-04,7156
2023-08-05,7167
2023-08-06,7400
2023-08-07,6754
2023-08-08,7400
2023-08-09,6951
2023-08-10,7400
2023-08-11,7400
2023-08-12,7400
2023-08-13,7256
2023-08-14,7400
2023-08-15,7248
2023-08-16,6968
2023-08-17,6604
2023-08-18,6816
2023-08-19,7093
2023-08-20,7001
2023-08-21,6648
2023-08-22,7291
2023-08-23,7400
2023-08-24,6301
2023-08-25,7194
2023-08-26,6882
2023-08-27,7273
2023-08-28,7400
2023-08-29,7262
2023-08-30,7400
2023-08-31,7235
2023-09-01,6970
2023-09-02,7354
2023-09-03,6934
2023-09-04,7400
2023-09-05,7125
2023-09-06,6722
2023-09-07,7218
2023-09-08,7329
2023-09-09,7400
2023-09-10,7376
2023-09-11,7245
2023-09-12,7103
2023-09-13,7400
2023-09-14,7251
2023-09-15,7017
